ID,Phase,Category,Key Initiative (施策),Owner,Timeline,Business Value / Management View (管理視点での価値・成果)
2.1,"Phase 2: Onboarding (12-1月)",Toolkit,開発環境セットアップの自動化 (Onboarding Automation),ALH+KC,12/09 - 12/19,"新規参画者の環境構築時間を数日から数分へ短縮し、「1週間での立ち上がり」を技術的に保証する。"
2.2,,Verification,Workbench API網羅的検証 (API Capability Check),KC,12/10 - 12/25,"★追加: Workbenchが提供する標準API（翻訳、OCR等）の精度と制限を早期に評価し、Phase 3で「何が作れるか」の技術的裏付けを取る。"
2.3,,Toolkit,標準開発アセットの整備 (Dev Starter Kit),KC,12/13 - 12/26,"認証や基本機能をモジュール化・共通化し、開発者がビジネスロジックに集中できる土台を作る。"
2.4,,Platform,セルフサービス型ナレッジポータルの構築,ALH,12/20 - 12/26,"FAQや手順書を集約し、開発者からの問い合わせ負荷を削減する自律学習環境を提供する。"
2.5,,Launch,リードタイム検証 & コミュニティ始動,Joint,01/06 - 01/31,"非経験者による実証実験(1-Week Challenge)で成果を監査しつつ、開発者コミュニティを立ち上げエコシステムを形成する。"
3.1,"Phase 3: PoC Execution (2-3月)",Strategy,PoCシナリオ選定 & リスク評価 (Planning),Joint,02/03 - 02/14,"4つのPoCテーマを確定し、コンプライアンス・データセキュリティの事前審査を完了させる。"
3.2,,Execution (App),PoC 1 (ALH): 多言語ドキュメント処理ツール,ALH,02/17 - 03/14,"【ALH担当】標準APIを組み合わせ、業務直結型の「翻訳・要約・変換」アプリを開発。UXと業務効率化効果を検証。"
3.3,,Execution (App),PoC 2 (ALH): 対話型アシスタントUI (Chat UX),ALH,02/17 - 03/14,"【ALH担当】ユーザーが直感的に使えるチャットインターフェースを構築し、社内普及のための「使いやすさ」を検証。"
3.4,,Execution (Core),PoC 3 (KC): 社内規程・マニュアル検索 (RAG),KC,02/17 - 03/14,"【KC担当】回答精度の難易度が高い「社内ナレッジ検索」において、回答の正確性とハルシネーション抑制技術を検証。"
3.5,,Execution (Core),PoC 4 (KC): 複雑推論・分析エージェント,KC,02/17 - 03/14,"【KC担当】単なる検索ではなく、複数の情報を組み合わせて分析・推論させる高度なAgentの実現可能性を検証。"
3.6,,Decision,PoC成果実演・投資判断 (Demo Day),Joint,03/17 - 03/31,"4つのPoC成果を比較評価し、Phase 4で製品化すべき機能の優先順位決定と投資判断を行う。"
4.1,"Phase 4: Scaling (4-6月)",Standardization,開発標準フレームワークの確立,ALH,04/01 - 04/18,"PoCの知見を元に「KPMG標準テンプレート」を制定し、今後の全社展開時の品質バラつきを防ぐ。"
4.2,,Quality,品質保証(QA)プロセスの自動化,KC,04/21 - 04/30,"テスト工程やコスト試算を仕組化し、AIアプリが増えても運用負荷が増大しない品質管理体制を敷く。"
4.3,,DevOps,デプロイメント・パイプラインの構築,ALH,05/07 - 05/23,"開発から本番公開までの手順を自動化(CI/CD)し、安全かつ迅速なリリースサイクルを実現する。"